{
  "Author": "xieguigang",
  "Date": "11\/30\/2023 8:53:08 AM",
  "Description": "Computational Fluid Dynamics",
  "License": "MIT",
  "Maintainer": "xieguigang <xie.guigang@gcmodeller.org>",
  "Package": "CFD",
  "Title": "Computational Fluid Dynamics",
  "Type": "Package",
  "Version": "0.1.0",
  "meta": {
    "Encoding": "UTF-8",
    "LazyData": "true",
    "RoxygenNote": "7.1.1",
    "builtTime": "11\/30\/2023 8:53:08 AM",
    "os_built": "Microsoft Windows NT 10.0.22621.0"
  }
}
