{
  "CFD.dll": "92dcf2a4fe8fcb258adbd0e87e7ef894",
  "CFD_clr.dll": "3793123e446ec105109c61519ecdc9da",
  "Microsoft.VisualBasic.Data.BinaryData.dll": "8304b22274e6cf6cbf8d92755274d26c",
  "Microsoft.VisualBasic.Data.GraphTheory.dll": "6d03f7898c3166eeefe72b7380bd86d5",
  "Microsoft.VisualBasic.Data.IO.MessagePack.dll": "ee960b3f0ceda4e37c4067721589637a",
  "Microsoft.VisualBasic.DataStorage.HDSPack.dll": "e51ad869463ffc3e3765be95ec8fb6ae",
  "Microsoft.VisualBasic.Imaging.Physics.dll": "89b43035ea0c4d7ddf90aa5b5a8f3975",
  "Microsoft.VisualBasic.Math.Core.dll": "26bc400b2b3f386b9bc96d7607cdb75e"
}
