{
  "AssemblyCompany": "sciBASIC.NET",
  "AssemblyCopyright": "GPL3",
  "AssemblyDescription": "sciBASIC#: Microsoft VisualBasic for Scientific Computing",
  "AssemblyFileVersion": "",
  "AssemblyFullName": "Microsoft.VisualBasic.Runtime, Version=5.33.69.2558, Culture=neutral, PublicKeyToken=null",
  "AssemblyInformationalVersion": "5.0.1.2389+f8d17525138b73e00a8d4a7138a43e24fd19868f",
  "AssemblyProduct": "Microsoft.VisualBasic.Runtime",
  "AssemblyTitle": "Microsoft.VisualBasic.Runtime",
  "AssemblyTrademark": "",
  "AssemblyVersion": "5.33.69.2558",
  "BuiltTime": "\/Date(952622716000+0800)\/",
  "ComVisible": false,
  "Guid": "",
  "Name": "Microsoft.VisualBasic.Runtime",
  "TargetFramework": ".NETCoreApp,Version=v6.0"
}
