{
  "AssemblyCompany": "SMRUCC genomics Institute",
  "AssemblyCopyright": "GPL3",
  "AssemblyDescription": "R# language runtime and script interpreter",
  "AssemblyFileVersion": "",
  "AssemblyFullName": "REnv, Version=2.33.856.6961, Culture=neutral, PublicKeyToken=null",
  "AssemblyInformationalVersion": "5.1.3.5558+db93e88f37db9615cc5136d91718ab84613e5cc0",
  "AssemblyProduct": "R#",
  "AssemblyTitle": "REnv",
  "AssemblyTrademark": "",
  "AssemblyVersion": "2.33.856.6961",
  "BuiltTime": "\/Date(1020628322000+0800)\/",
  "ComVisible": false,
  "Guid": "",
  "Name": "REnv",
  "TargetFramework": ".NETCoreApp,Version=v6.0"
}
